ASC_Name,Provider_id,NPI,City,State,Zip_code,Year,ASC_1_Measure_Rate,ASC_1_Footnote,ASC_2_Measure_Rate,ASC_2_Footnote,ASC_3_Measure_Rate,ASC_3_Footnote,ASC_4_Measure_Rate,ASC_4_Footnote,ASC_5_Measure_Rate,ASC_5_Footnote,ASC_1_5_Encounter_Start_Date,ASC_1_5_Encounter_End_Date,ASC_6_SSChecklist,ASC_6_Footnote,ASC_7_Volume,ASC_7_Respiratory,ASC_7_Eye,ASC_7_Genitourinary,ASC_7_Musculoskeletal,ASC_7_Gastrointestinal,ASC_7_Nervous_System,ASC_7_skin,ASC_7_Footnote,ASC_6_7_Encounter_Start_Date,ASC_6_7_Encounter_End_Date,ASC_8_rate,ASC_8_Footnote,ASC_8_Encounter_Date,ASC_9_rate,ASC_9_Footnote,ASC_10_rate,ASC_10_Footnote,ASC_9_10_Encounter_Start_Date,ASC_9_10_Encounter_End_Date,ASC_11_rate,ASC_11_Footnote,ASC_11_Encounter_Start_Date,ASC_11_Encounter_End_Date,ASC_12_Total_Cases,ASC_12_Performance_Category,ASC_12_Interval_Lower_Limit,ASC_12_Interval_Upper_Limit,ASC_12_Footnote,ASC_12_Encounter_Start_Date,ASC_12_Encounter_End_Date,ASC_12_RSHV_Rate
GREATER NEW BEDFORD SURGERY CENTER,22C0001007,1003168907,DARTMOUTH,MA,2747,2016,0,,0,,0,,0,,N/A,5,1/1/16,12/31/16,N/A,5,N/A,N/A,N/A,N/A,N/A,N/A,N/A,N/A,5,1/1/16,12/31/16,59.26,,2016/2017,N/A,5,N/A,5,1/1/16,12/31/16,N/A,5,1/1/16,12/31/16,N/A,N/A,N/A,N/A,5,1/1/16,12/31/16,N/A
WEYMOUTH ENDOSCOPY LLC,22C0001049,1033199906,SOUTH WEYMOUTH,MA,2190,2016,0,,0,,0,,0.943,,"1,000.00",1,1/1/16,12/31/16,Yes,,"3,870",0,0,0,0,"3,870",0,0,,1/1/16,12/31/16,100,,2016/2017,100,,100,,1/1/16,12/31/16,N/A,5,1/1/16,12/31/16,696,No Different than the National Rate,9.1,16.7,,1/1/16,12/31/16,12.3
CAPE COD EYE SURGERY AND LASER CENTER,22C0001030,1033213269,SANDWICH,MA,2563,2016,0,,0,,0,,0.251,,N/A,5,1/1/16,12/31/16,Yes,,"5,326",0,"5,227",0,0,0,0,99,,1/1/16,12/31/16,83.67,,2016/2017,N/A,5,N/A,5,1/1/16,12/31/16,N/A,5,1/1/16,12/31/16,N/A,N/A,N/A,N/A,5,1/1/16,12/31/16,N/A
HYANNIS EAR NOSE AND THROAT ASSOC INC,22C0001021,1033369905,HYANNIS,MA,2601,2016,0,1,0,1,0,1,0,1,N/A,5,1/1/16,12/31/16,N/A,5,N/A,N/A,N/A,N/A,N/A,N/A,N/A,N/A,5,1/1/16,12/31/16,N/A,5,2016/2017,N/A,5,N/A,5,1/1/16,12/31/16,N/A,5,1/1/16,12/31/16,N/A,N/A,N/A,N/A,5,1/1/16,12/31/16,N/A
HYANNIS EAR NOSE AND THROAT ASSOC INC,22C0001071,1033369905,HYANNIS,MA,2601,2016,0,1,0,1,0,1,0,1,N/A,5,1/1/16,12/31/16,N/A,5,N/A,N/A,N/A,N/A,N/A,N/A,N/A,N/A,5,1/1/16,12/31/16,N/A,5,2016/2017,N/A,5,N/A,5,1/1/16,12/31/16,N/A,5,1/1/16,12/31/16,N/A,N/A,N/A,N/A,5,1/1/16,12/31/16,N/A
NEW ENGLAND SURGERY CENTER LLC,22C0001079,1043526353,BEVERLY,MA,1915,2016,0,,0,,0,,1.279,,950,,1/1/16,12/31/16,Yes,,"2,451",307,114,280,368,0,"1,208",174,,1/1/16,12/31/16,85.96,,2016/2017,N/A,5,N/A,5,1/1/16,12/31/16,N/A,5,1/1/16,12/31/16,N/A,N/A,N/A,N/A,5,1/1/16,12/31/16,N/A
ADVANCED EYE SURGERY CENTER,22C0001057,1053360107,NORTH DARTMOUTH,MA,2747,2016,0,,0,,0,,0,,N/A,5,1/1/16,12/31/16,Yes,,"2,123",0,"2,123",0,0,0,0,0,,1/1/16,12/31/16,70.59,,2016/2017,N/A,5,N/A,5,1/1/16,12/31/16,N/A,5,1/1/16,12/31/16,N/A,N/A,N/A,N/A,5,1/1/16,12/31/16,N/A
NEW ENGLAND EYE SURGICAL CENTER INC,22C0001004,1053378265,WEYMOUTH,MA,2190,2016,0,,0,,0,,0.976,,N/A,5,1/1/16,12/31/16,Yes,,"4,912",0,"4,909",0,0,0,0,3,,1/1/16,12/31/16,90,,2016/2017,N/A,5,N/A,5,1/1/16,12/31/16,N/A,5,1/1/16,12/31/16,N/A,N/A,N/A,N/A,5,1/1/16,12/31/16,N/A
CENTRAL MASSACHUSETTS AMBULATORY ENDOSCOPY CENTER LLC,22C0001045,1073682159,LEOMINSTER,MA,1453,2016,0,,0.88,,0,,4.401,,N/A,5,1/1/16,12/31/16,Yes,,"2,951",0,0,0,0,"2,951",0,0,,1/1/16,12/31/16,76.47,,2016/2017,N/A,5,N/A,5,1/1/16,12/31/16,N/A,5,1/1/16,12/31/16,509,No Different than the National Rate,12,23.1,,1/1/16,12/31/16,16.7
CHARLES RIVER MEDICAL ASSOCIATES,22C0001069,1093922189,FRAMINGHAM,MA,1702,2016,3.361,,0,,0,,0,,N/A,5,1/1/16,12/31/16,Yes,,"3,529",0,0,0,0,"3,529",0,0,,1/1/16,12/31/16,87.5,,2016/2017,87.1,,54.73,,1/1/16,12/31/16,N/A,5,1/1/16,12/31/16,305,No Different than the National Rate,9,17.4,,1/1/16,12/31/16,12.4
CATARACT AND LASER CENTER WEST LLC,22C0001023,1114091501,WEST SPRINGFIELD,MA,1089,2016,0,,0,,0,,0,,N/A,5,1/1/16,12/31/16,Yes,,"7,159",0,"7,159",0,0,0,0,0,,1/1/16,12/31/16,92.59,,2016/2017,N/A,5,N/A,5,1/1/16,12/31/16,N/A,5,1/1/16,12/31/16,N/A,N/A,N/A,N/A,5,1/1/16,12/31/16,N/A
BOSTON EYE SURGERY AND LASER CENTER,22C0001016,1124116264,BOSTON,MA,2114,2016,0,,0,,0,,0.328,,N/A,5,1/1/16,12/31/16,Yes,,"5,962",0,"5,962",0,0,0,0,0,,1/1/16,12/31/16,78.75,,2016/2017,N/A,5,N/A,5,1/1/16,12/31/16,N/A,5,1/1/16,12/31/16,N/A,N/A,N/A,N/A,5,1/1/16,12/31/16,N/A
PLYMOUTH LASER AND SURGICAL CENTER PC,22C0001019,1134293814,PLYMOUTH,MA,2360,2016,0,,0,,0,,0,,N/A,5,1/1/16,12/31/16,Yes,,"2,896",0,"2,896",0,0,0,0,0,,1/1/16,12/31/16,100,,2016/2017,N/A,5,N/A,5,1/1/16,12/31/16,N/A,5,1/1/16,12/31/16,N/A,N/A,N/A,N/A,5,1/1/16,12/31/16,N/A
NORTH SHORE CATARACT AND LASER CENTER LLC,22C0001037,1144287350,STONEHAM,MA,2180,2016,0,,0,,0,,0.274,,N/A,5,1/1/16,12/31/16,Yes,,"6,404",0,"6,404",0,0,0,0,0,,1/1/16,12/31/16,91.49,,2016/2017,N/A,5,N/A,5,1/1/16,12/31/16,N/A,5,1/1/16,12/31/16,N/A,N/A,N/A,N/A,5,1/1/16,12/31/16,N/A
SAME DAY SURGICARE OF NEW ENGLAND INC,22C0001003,1164469086,FALL RIVER,MA,2720,2016,0,,0,,0,,0,,N/A,5,1/1/16,12/31/16,Yes,,"8,175",0,106,345,333,"6,527",551,313,,1/1/16,12/31/16,N/A,5,2016/2017,32.81,,15.79,,1/1/16,12/31/16,N/A,5,1/1/16,12/31/16,850,No Different than the National Rate,9,16.4,,1/1/16,12/31/16,12.2
MIDDLESEX ENDOSCOPY CENTER LLC,22C0001053,1174663199,ACTON,MA,1720,2016,0,,0,,0,,7.74,,N/A,5,1/1/16,12/31/16,Yes,,"2,888",0,0,0,0,"2,888",0,0,,1/1/16,12/31/16,81.25,,2016/2017,100,,100,,1/1/16,12/31/16,N/A,5,1/1/16,12/31/16,351,No Different than the National Rate,9.4,17.9,,1/1/16,12/31/16,13
BERKSHIRE ENDOSCOPY CENTER LLC,22C0001039,1184683963,PITTSFIELD,MA,1201,2016,0,,1.445,,0,,0,,N/A,5,1/1/16,12/31/16,Yes,,"1,640",0,0,0,0,"1,640",0,0,,1/1/16,12/31/16,75,,2016/2017,N/A,5,N/A,5,1/1/16,12/31/16,N/A,5,1/1/16,12/31/16,331,No Different than the National Rate,8.6,16.7,,1/1/16,12/31/16,12.1
CAPE COD ASC LLC,22C0001032,1194718312,SANDWICH,MA,2563,2016,0,,0.422,,0,,0,,"1,000.00",,1/1/16,12/31/16,Yes,,"4,702",0,"2,206",271,"1,392",796,0,37,,1/1/16,12/31/16,96.67,,2016/2017,100,,36.23,,1/1/16,12/31/16,N/A,5,1/1/16,12/31/16,214,No Different than the National Rate,9.7,19,,1/1/16,12/31/16,13.5
CATARACT AND LASER CENTER INC,22C0001018,1205917101,DEDHAM,MA,2026,2016,0,,0,,0,,0,,N/A,5,1/1/16,12/31/16,Yes,,"3,732",0,"3,732",0,0,0,0,0,,1/1/16,12/31/16,85.71,,2016/2017,N/A,5,N/A,5,1/1/16,12/31/16,N/A,5,1/1/16,12/31/16,N/A,N/A,N/A,N/A,5,1/1/16,12/31/16,N/A
NORTHEAST AMBULATORY CENTER INC,22C0001024,1225140510,STONEHAM,MA,2180,2016,0,,0,,0,,0,,N/A,5,1/1/16,12/31/16,Yes,,"1,740",0,0,0,0,0,"1,740",0,,1/1/16,12/31/16,N/A,5,2016/2017,N/A,5,N/A,5,1/1/16,12/31/16,N/A,5,1/1/16,12/31/16,N/A,N/A,N/A,N/A,5,1/1/16,12/31/16,N/A
EASTERN MASSACHUSETTS SURGERY CENTER LLC,22C0001070,1245436823,NORWOOD,MA,2062,2016,0,,0,,0,,0,,997.24,,1/1/16,12/31/16,Yes,,"1,955",0,0,152,800,932,37,34,,1/1/16,12/31/16,54.1,,2016/2017,100,,100,,1/1/16,12/31/16,N/A,5,1/1/16,12/31/16,131,No Different than the National Rate,8.8,17.6,,1/1/16,12/31/16,12.3
MDSINE LLC,22C0001068,1245450295,SPRINGFIELD,MA,1104,2016,0,,0,,0,,0,,968,,1/1/16,12/31/16,Yes,,"3,635",0,0,0,252,"2,767",480,136,,1/1/16,12/31/16,81.82,,2016/2017,N/A,5,N/A,5,1/1/16,12/31/16,N/A,5,1/1/16,12/31/16,N/A,N/A,N/A,N/A,5,1/1/16,12/31/16,N/A
BERKSHIRE COSMETIC AND RECONSTRUCTIVE SURGERY CENTER INC,22C0001035,1285673186,PITTSFIELD,MA,1201,2016,0,,0,,0,,0,,N/A,5,1/1/16,12/31/16,Yes,,363,0,21,0,84,0,0,258,,1/1/16,12/31/16,100,,2016/2017,N/A,5,N/A,5,1/1/16,12/31/16,N/A,5,1/1/16,12/31/16,N/A,N/A,N/A,N/A,5,1/1/16,12/31/16,N/A
ORTHOPEDICS SURGICAL CENTER OF THE NORTH SHORE LLC,22C0001047,1285746263,PEABODY,MA,1960,2016,0,,0,,0,,0,,"1,000.00",,1/1/16,12/31/16,Yes,,"7,130",0,0,0,"1,781","2,075","3,262",12,,1/1/16,12/31/16,89.68,,2016/2017,94.12,,100,,1/1/16,12/31/16,N/A,5,1/1/16,12/31/16,118,No Different than the National Rate,8.8,17.5,,1/1/16,12/31/16,12.4
CAPE AND ISLANDS ENDOSCOPY CENTER LLC,22C0001052,1316094824,HYANNIS,MA,2601,2016,0.943,,0,,0,,0.628,,0,1,1/1/16,12/31/16,Yes,,"8,626",0,0,0,0,"8,626",0,0,,1/1/16,12/31/16,N/A,5,2016/2017,97.19,,90.29,,1/1/16,12/31/16,N/A,5,1/1/16,12/31/16,1968,No Different than the National Rate,9.9,16.8,,1/1/16,12/31/16,12.8
THE CATARACT SURGERY CENTER OF MILFORD INC,22C0001073,1386809978,MILFORD,MA,1757,2016,0,,0,,0,,0,,N/A,5,1/1/16,12/31/16,Yes,,938,0,911,0,0,0,0,27,,1/1/16,12/31/16,88.89,,2016/2017,N/A,5,N/A,5,1/1/16,12/31/16,N/A,5,1/1/16,12/31/16,N/A,N/A,N/A,N/A,5,1/1/16,12/31/16,N/A
MERRIMACK VALLEY ENDOSCOPY CENTER,22C0001038,1417944778,HAVERHILL,MA,1830,2016,3.676,,0,,0,,0.736,,0,1,1/1/16,12/31/16,Yes,,"8,936",0,0,0,0,"8,936",0,0,,1/1/16,12/31/16,93.02,,2016/2017,98.96,,97.92,,1/1/16,12/31/16,N/A,5,1/1/16,12/31/16,598,No Different than the National Rate,8.2,15.5,,1/1/16,12/31/16,11.5
CATARACT AND LASER CENTER ASSOCIATES PC,22C0001027,1477655801,ADAMS,MA,1220,2016,0,,0,,0,,0,,0,1,1/1/16,12/31/16,Yes,,"3,008",0,"2,981",0,0,0,0,27,,1/1/16,12/31/16,59.38,,2016/2017,N/A,5,N/A,5,1/1/16,12/31/16,N/A,5,1/1/16,12/31/16,N/A,N/A,N/A,N/A,5,1/1/16,12/31/16,N/A
BOSTON ENDOSCOPY CENTER LLC,22C0001036,1477802387,WELLESLEY HILLS,MA,2481,2016,0,,0,,0,,0.577,,"1,000.00",1,1/1/16,12/31/16,Yes,,"7,476",0,0,0,0,"7,476",0,0,,1/1/16,12/31/16,92.66,,2016/2017,100,,100,,1/1/16,12/31/16,N/A,5,1/1/16,12/31/16,1036,No Different than the National Rate,9.6,17.3,,1/1/16,12/31/16,12.9
BOSTON IVF INC,22C0001033,1497831523,WALTHAM,MA,2451,2016,0,,0,,0,,0,,N/A,5,1/1/16,12/31/16,N/A,5,N/A,N/A,N/A,N/A,N/A,N/A,N/A,N/A,5,1/1/16,12/31/16,N/A,5,2016/2017,N/A,5,N/A,5,1/1/16,12/31/16,N/A,5,1/1/16,12/31/16,N/A,N/A,N/A,N/A,5,1/1/16,12/31/16,N/A
GREATER NEW BEDFORD SURGICENTER,22C0001007,1538122072,NORTH DARTMOUTH,MA,2747,2016,N/A,5,N/A,5,N/A,5,N/A,5,N/A,5,1/1/16,12/31/16,N/A,5,N/A,N/A,N/A,N/A,N/A,N/A,N/A,N/A,5,1/1/16,12/31/16,59.26,,2016/2017,N/A,5,N/A,5,1/1/16,12/31/16,N/A,5,1/1/16,12/31/16,N/A,N/A,N/A,N/A,5,1/1/16,12/31/16,N/A
THE ENDOSCOPY CENTER,22C0001072,1548274475,WORCESTER,MA,1605,2016,0,,0,,0,,0,,N/A,5,1/1/16,12/31/16,Yes,,"5,853",0,0,0,0,"5,853",0,0,,1/1/16,12/31/16,100,,2016/2017,98.96,,100,,1/1/16,12/31/16,N/A,5,1/1/16,12/31/16,627,No Different than the National Rate,8.8,16.4,,1/1/16,12/31/16,12.1
THE CATARACT AND LASER CENTER CENTRAL LLC,22C0001029,1558436105,GARDNER,MA,1440,2016,0,,0,,0,,0,,0,,1/1/16,12/31/16,Yes,,"2,028",0,"2,028",0,0,0,0,0,,1/1/16,12/31/16,78.05,,2016/2017,N/A,5,N/A,5,1/1/16,12/31/16,N/A,5,1/1/16,12/31/16,N/A,N/A,N/A,N/A,5,1/1/16,12/31/16,N/A
BOSTON OUTPATIENT SURGICAL SUITES LLC,22C0001048,1578534459,WALTHAM,MA,2451,2016,0,,0,,0,,0,,"1,000.00",,1/1/16,12/31/16,Yes,,"5,134",0,0,0,"4,868",2,260,4,,1/1/16,12/31/16,94.23,,2016/2017,N/A,5,N/A,5,1/1/16,12/31/16,N/A,5,1/1/16,12/31/16,N/A,N/A,N/A,N/A,5,1/1/16,12/31/16,N/A
HYDE PARK PAIN MANAGEMENT LLC,22C0001076,1619101763,HYDE PARK,MA,2136,2016,2.725,,0,,0,,0,,N/A,5,1/1/16,12/31/16,N/A,5,N/A,N/A,N/A,N/A,N/A,N/A,N/A,N/A,5,1/1/16,12/31/16,N/A,5,2016/2017,N/A,5,N/A,5,1/1/16,12/31/16,N/A,5,1/1/16,12/31/16,N/A,N/A,N/A,N/A,5,1/1/16,12/31/16,N/A
CAPE COD SURGERY CENTER INC,22C0001077,1619130531,MASHPEE,MA,2649,2016,0,,0,,0,,12.195,,N/A,5,1/1/16,12/31/16,N/A,5,N/A,N/A,N/A,N/A,N/A,N/A,N/A,N/A,5,1/1/16,12/31/16,N/A,5,2016/2017,N/A,5,N/A,5,1/1/16,12/31/16,N/A,5,1/1/16,12/31/16,N/A,N/A,N/A,N/A,5,1/1/16,12/31/16,N/A
VALLEY MEDICAL GROUP PC,22C0001044,1639203888,AMHERST,MA,1002,2016,2.183,,0,,0,,0,,0,1,1/1/16,12/31/16,Yes,,"2,985",0,0,0,0,"2,985",0,0,,1/1/16,12/31/16,100,,2016/2017,95.24,,92.06,,1/1/16,12/31/16,N/A,5,1/1/16,12/31/16,313,No Different than the National Rate,8.8,17.3,,1/1/16,12/31/16,12.2
BOSTON EYE SURGERY AND LASER CENTER TRUST,22C0001062,1639215502,WALTHAM,MA,2451,2016,0,,0,,0,,0,,N/A,5,1/1/16,12/31/16,Yes,,"4,589",0,"4,589",0,0,0,0,0,,1/1/16,12/31/16,77.92,,2016/2017,N/A,5,N/A,5,1/1/16,12/31/16,N/A,5,1/1/16,12/31/16,N/A,N/A,N/A,N/A,5,1/1/16,12/31/16,N/A
EAST POND ENTERPRISES INC,22C0001074,1659509164,PLYMOUTH,MA,2360,2016,0,,0,,0,,0,,N/A,5,1/1/16,12/31/16,N/A,5,N/A,N/A,N/A,N/A,N/A,N/A,N/A,N/A,5,1/1/16,12/31/16,42.86,,2016/2017,N/A,5,N/A,5,1/1/16,12/31/16,N/A,5,1/1/16,12/31/16,N/A,N/A,N/A,N/A,5,1/1/16,12/31/16,N/A
BOSTON UNIVERSITY EYE ASSOCIATES INC,22C0001012,1679531610,RAYNHAM,MA,2767,2016,1.406,,0,,0,,0,,0,1,1/1/16,12/31/16,Yes,,"1,304",0,"1,260",0,0,0,0,44,,1/1/16,12/31/16,96.55,,2016/2017,N/A,5,N/A,5,1/1/16,12/31/16,N/A,5,1/1/16,12/31/16,N/A,N/A,N/A,N/A,5,1/1/16,12/31/16,N/A
DHA ENDOSCOPY LLC,22C0001058,1730113325,STONEHAM,MA,2180,2016,0,,0.759,,0,,0,,"1,000.00",1,1/1/16,12/31/16,Yes,,"7,964",0,0,0,0,"7,964",0,0,,1/1/16,12/31/16,81.58,,2016/2017,97.49,,99.02,,1/1/16,12/31/16,N/A,5,1/1/16,12/31/16,742,No Different than the National Rate,9.6,17.8,,1/1/16,12/31/16,12.9
COMMON WEALTH ENDOSCOPY CENTER,22C0001025,1750529814,WEST BRIDGEWATER,MA,2379,2016,0,,0.973,,0,,0,,N/A,5,1/1/16,12/31/16,Yes,,"3,426",0,0,0,0,"3,426",0,0,,1/1/16,12/31/16,87.1,,2016/2017,100,,100,,1/1/16,12/31/16,N/A,5,1/1/16,12/31/16,597,No Different than the National Rate,8,15.4,,1/1/16,12/31/16,11.1
SURGISITE BOSTON,22C0001055,1770537227,WALTHAM,MA,2451,2016,0.209,,0,,0,,0,,N/A,5,1/1/16,12/31/16,Yes,,"9,946",0,"9,946",0,0,0,0,0,,1/1/16,12/31/16,92.8,,2016/2017,N/A,5,N/A,5,1/1/16,12/31/16,N/A,5,1/1/16,12/31/16,N/A,N/A,N/A,N/A,5,1/1/16,12/31/16,N/A
CATARACT AND LASER CENTER OF THE NORTH SHORE LLC,22C0001028,1790862183,ANDOVER,MA,1810,2016,0.728,,0,,0.364,,0,,"1,000.00",1,1/1/16,12/31/16,Yes,,"5,800",0,"5,800",0,0,0,0,0,,1/1/16,12/31/16,73.33,,2016/2017,N/A,5,N/A,5,1/1/16,12/31/16,N/A,5,1/1/16,12/31/16,N/A,N/A,N/A,N/A,5,1/1/16,12/31/16,N/A
EAST BAY SURGERY CENTER LLC,22C0001051,1831116615,SWANSEA,MA,2777,2016,0,,0,,0,,0,,N/A,5,1/1/16,12/31/16,Yes,,"8,838",0,"8,826",0,0,0,0,12,,1/1/16,12/31/16,90.72,,2016/2017,N/A,5,N/A,5,1/1/16,12/31/16,N/A,5,1/1/16,12/31/16,N/A,N/A,N/A,N/A,5,1/1/16,12/31/16,N/A
SOUTH SHORE ENDOSCOPY CENTER INC,22C0001026,1831122159,BRAINTREE,MA,2184,2016,0,,0,,0,,0.782,,N/A,5,1/1/16,12/31/16,Yes,,"5,273",0,0,0,0,"5,273",0,0,,1/1/16,12/31/16,96.88,,2016/2017,81.31,,89.12,,1/1/16,12/31/16,N/A,5,1/1/16,12/31/16,821,No Different than the National Rate,9.2,17.2,,1/1/16,12/31/16,12.7
NEW ENGLAND PAIN CARE,22C0001040,1841256302,PEABODY,MA,1960,2016,0,,0,,0,,0,,750,,1/1/16,12/31/16,Yes,,"3,310",0,0,0,232,0,"3,078",0,,1/1/16,12/31/16,79.31,,2016/2017,N/A,5,N/A,5,1/1/16,12/31/16,N/A,5,1/1/16,12/31/16,N/A,N/A,N/A,N/A,5,1/1/16,12/31/16,N/A
WORCESTER SURGICAL CENTER,22C0001011,1851396014,WORCESTER,MA,1605,2016,0,,0,,0,,0,,941.18,,1/1/16,12/31/16,Yes,,"4,916",557,"1,026",264,206,"2,503",183,177,,1/1/16,12/31/16,77.68,,2016/2017,90.48,,85.42,,1/1/16,12/31/16,N/A,5,1/1/16,12/31/16,417,No Different than the National Rate,8.4,16.5,,1/1/16,12/31/16,11.9
NORTHEAST ENDOSCOPY CENTER LLC,22C0001060,1851474365,LOWELL,MA,1851,2016,0,,0,,0,,0,,N/A,5,1/1/16,12/31/16,Yes,,"10,288",0,0,0,0,"10,288",0,0,,1/1/16,12/31/16,92.16,,2016/2017,92.71,,93.75,,1/1/16,12/31/16,N/A,5,1/1/16,12/31/16,915,No Different than the National Rate,9.1,16.2,,1/1/16,12/31/16,12.1
NEW ENGLAND AMBULATORY SURGICENTER LLC,22C0001061,1851491013,CAMBRIDGE,MA,2138,2016,0,,0,,0,,0,,N/A,5,1/1/16,12/31/16,Yes,,224,0,0,0,0,0,224,0,,1/1/16,12/31/16,92.86,,2016/2017,N/A,5,N/A,5,1/1/16,12/31/16,N/A,5,1/1/16,12/31/16,N/A,N/A,N/A,N/A,5,1/1/16,12/31/16,N/A
RELIANT MEDICAL GROUP (SEE NEW ENGLAND),22C0001072,1871774174,WORCESTER,MA,1605,2016,0,,0,,0,,0,,N/A,5,1/1/16,12/31/16,Yes,,"2,429",0,"2,429",0,0,0,0,0,,1/1/16,12/31/16,100,,2016/2017,N/A,5,N/A,5,1/1/16,12/31/16,N/A,5,1/1/16,12/31/16,N/A,N/A,N/A,N/A,5,1/1/16,12/31/16,N/A
GREATER SPRINGFIELD SURGERY CENTER LLC,22C0001075,1902039936,SPRINGFIELD,MA,1107,2016,0,,0,,0,,0,,987.69,,1/1/16,12/31/16,Yes,,"2,168",0,0,"2,085",25,58,0,0,,1/1/16,12/31/16,71.74,,2016/2017,N/A,5,N/A,5,1/1/16,12/31/16,N/A,5,1/1/16,12/31/16,N/A,N/A,N/A,N/A,5,1/1/16,12/31/16,N/A
BOSTON SURGERY CENTER LLC,22C0001064,1922182419,WALTHAM,MA,2451,2016,0,,0.887,,0,,0.887,,0,1,1/1/16,12/31/16,Yes,,"2,742",0,0,0,0,0,"2,742",0,,1/1/16,12/31/16,100,,2016/2017,N/A,5,N/A,5,1/1/16,12/31/16,N/A,5,1/1/16,12/31/16,N/A,N/A,N/A,N/A,5,1/1/16,12/31/16,N/A
PEABODY SURGERY CENTER LLC,22C0001078,1922328293,PEABODY,MA,1960,2016,0,1,0,1,0,1,0,1,N/A,5,1/1/16,12/31/16,N/A,5,N/A,N/A,N/A,N/A,N/A,N/A,N/A,N/A,5,1/1/16,12/31/16,N/A,5,2016/2017,N/A,5,N/A,5,1/1/16,12/31/16,N/A,5,1/1/16,12/31/16,N/A,N/A,N/A,N/A,5,1/1/16,12/31/16,N/A
PIONEER VALLEY SURGICENTER LLC,22C0001043,1982641064,SPRINGFIELD,MA,1107,2016,0,,0,,0,,0.514,,972.97,,1/1/16,12/31/16,Yes,,"3,635",0,0,0,252,"2,767",480,136,,1/1/16,12/31/16,96.04,,2016/2017,100,,100,,1/1/16,12/31/16,N/A,5,1/1/16,12/31/16,1090,No Different than the National Rate,8.7,15.6,,1/1/16,12/31/16,11.7
VISION CARE OF MAINEAROOSTOOK LLC,20C0001005,1023104825,PRESQUE ISLE,ME,4769,2016,0,,0,,0,,0,,N/A,5,1/1/16,12/31/16,Yes,,3,0,3,0,0,0,0,0,,1/1/16,12/31/16,N/A,1,2016/2017,N/A,5,N/A,5,1/1/16,12/31/16,N/A,5,1/1/16,12/31/16,N/A,N/A,N/A,N/A,5,1/1/16,12/31/16,N/A
VISION CARE OF MAINE LLC,20C0001013,1275629081,BANGOR,ME,4401,2016,0,,0,,0,,0,,N/A,5,1/1/16,12/31/16,Yes,,15,0,15,0,0,0,0,0,,1/1/16,12/31/16,64.29,,2016/2017,N/A,5,N/A,5,1/1/16,12/31/16,N/A,5,1/1/16,12/31/16,N/A,N/A,N/A,N/A,5,1/1/16,12/31/16,N/A
MAINE EYE CENTER PA,20C0001000,1295855948,PORTLAND,ME,4102,2016,0,,0,,0,,0,,"1,000.00",1,1/1/16,12/31/16,Yes,,"3,176",0,"3,176",0,0,0,0,0,,1/1/16,12/31/16,85.71,,2016/2017,N/A,5,N/A,5,1/1/16,12/31/16,N/A,5,1/1/16,12/31/16,N/A,N/A,N/A,N/A,5,1/1/16,12/31/16,N/A
PLASTIC AND HAND SURGICAL ASSOCIATES,20C0001001,1366453730,SOUTH PORTLAND,ME,4106,2016,0,,0,,0,,0,,939.39,,1/1/16,12/31/16,Yes,,813,4,2,0,401,0,82,324,,1/1/16,12/31/16,49.58,,2016/2017,N/A,5,N/A,5,1/1/16,12/31/16,N/A,5,1/1/16,12/31/16,N/A,N/A,N/A,N/A,5,1/1/16,12/31/16,N/A
COASTAL EYE SURGERY CENTER LLC,20C0001020,1366620726,ELLSWORTH,ME,4605,2016,0.631,,0,,0,,0.631,,500,1,1/1/16,12/31/16,Yes,,"1,817",0,"1,817",0,0,0,0,0,,1/1/16,12/31/16,72.73,,2016/2017,N/A,5,N/A,5,1/1/16,12/31/16,N/A,5,1/1/16,12/31/16,N/A,N/A,N/A,N/A,5,1/1/16,12/31/16,N/A
EYECARE MEDICAL GROUP,20C0001002,1376599381,PORTLAND,ME,4102,2016,0.355,,0,,0,,0.355,,N/A,5,1/1/16,12/31/16,Yes,,"6,929",0,"6,929",0,0,0,0,0,,1/1/16,12/31/16,73.81,,2016/2017,N/A,5,N/A,5,1/1/16,12/31/16,N/A,5,1/1/16,12/31/16,N/A,N/A,N/A,N/A,5,1/1/16,12/31/16,N/A
ACADIA MEDICAL ARTS AMBULATORY SURGICAL SUITE,20C0001007,1407867583,BANGOR,ME,4401,2016,0,,0,,0,,0,,"1,000.00",,1/1/16,12/31/16,Yes,,"2,670",9,0,0,"1,943",0,561,157,,1/1/16,12/31/16,38.89,,2016/2017,N/A,5,N/A,5,1/1/16,12/31/16,N/A,5,1/1/16,12/31/16,N/A,N/A,N/A,N/A,5,1/1/16,12/31/16,N/A
OA CENTERS FOR OTHOPAEDICS A DIVISION OF SPECTRUM MEDICAL GROUP,20C0001006,1518382936,PORTLAND,ME,4102,2016,0,,0,,0,,0,,"1,000.00",,1/1/16,12/31/16,Yes,,"2,283",0,0,0,"1,757",0,526,0,,1/1/16,12/31/16,95.88,,2016/2017,N/A,5,N/A,5,1/1/16,12/31/16,N/A,5,1/1/16,12/31/16,N/A,N/A,N/A,N/A,5,1/1/16,12/31/16,N/A
PORTLAND ENDOSCOPY CENTER,20C0001003,1558456459,PORTLAND,ME,4102,2016,0,,0,,0,,0,,N/A,5,1/1/16,12/31/16,Yes,,"8,722",0,0,0,0,"8,722",0,0,,1/1/16,12/31/16,76.74,,2016/2017,91.03,,17,,1/1/16,12/31/16,N/A,5,1/1/16,12/31/16,1141,No Different than the National Rate,8.9,16.4,,1/1/16,12/31/16,12.1
VISION CARE OF MAINE AROOSTOOK LLC,20C0001005,1588763189,PRESQUE ISLE,ME,4769,2016,N/A,5,N/A,5,N/A,5,N/A,5,N/A,5,1/1/16,12/31/16,N/A,5,N/A,N/A,N/A,N/A,N/A,N/A,N/A,N/A,5,1/1/16,12/31/16,N/A,1,2016/2017,N/A,5,N/A,5,1/1/16,12/31/16,N/A,5,1/1/16,12/31/16,N/A,N/A,N/A,N/A,5,1/1/16,12/31/16,N/A
CENTRAL MAINE ORTHOPAEDICS,20C0001017,1609291020,AUBURN,ME,4210,2016,0,,0,,0,,0,,984.46,,1/1/16,12/31/16,Yes,,"4,536",0,0,0,"2,436",0,"2,074",26,,1/1/16,12/31/16,N/A,5,2016/2017,N/A,5,N/A,5,1/1/16,12/31/16,N/A,5,1/1/16,12/31/16,N/A,N/A,N/A,N/A,5,1/1/16,12/31/16,N/A
MAINE EYE CARE ASSOCIATES,20C0001016,1710953336,WATERVILLE,ME,4901,2016,N/A,5,N/A,5,N/A,5,N/A,5,N/A,5,1/1/16,12/31/16,N/A,5,N/A,N/A,N/A,N/A,N/A,N/A,N/A,N/A,5,1/1/16,12/31/16,48.42,,2016/2017,N/A,5,N/A,5,1/1/16,12/31/16,N/A,5,1/1/16,12/31/16,N/A,N/A,N/A,N/A,5,1/1/16,12/31/16,N/A
MAINE EYE CENTER PA,20C0001000,1720044878,PORTLAND,ME,4102,2016,N/A,5,N/A,5,N/A,5,N/A,5,N/A,5,1/1/16,12/31/16,N/A,5,N/A,N/A,N/A,N/A,N/A,N/A,N/A,N/A,5,1/1/16,12/31/16,85.71,,2016/2017,N/A,5,N/A,5,1/1/16,12/31/16,N/A,5,1/1/16,12/31/16,N/A,N/A,N/A,N/A,5,1/1/16,12/31/16,N/A
MAINE CENTERS FOR HEALTHCARE,20C0001014,1801990544,WESTBROOK,ME,4092,2016,0,,7.463,,0,,7.519,,N/A,5,1/1/16,12/31/16,Yes,,994,0,0,0,0,994,0,0,,1/1/16,12/31/16,N/A,5,2016/2017,94.35,,89.41,,1/1/16,12/31/16,N/A,5,1/1/16,12/31/16,83,No Different than the National Rate,8.8,17.8,,1/1/16,12/31/16,12.5
NMOFS AMBULATORY SURGICAL CENTER PC,20C0001015,1881983096,PRESQUE ISLE,ME,4769,2016,0,,0,,0,,0,,N/A,5,1/1/16,12/31/16,Yes,,15,0,0,0,0,0,0,15,,1/1/16,12/31/16,42.11,,2016/2017,N/A,5,N/A,5,1/1/16,12/31/16,N/A,5,1/1/16,12/31/16,N/A,N/A,N/A,N/A,5,1/1/16,12/31/16,N/A
INTERMED PA,20C0001012,1942388418,PORTLAND,ME,4101,2016,0,,0,,0,,0,,405.94,,1/1/16,12/31/16,Yes,,732,49,0,20,176,482,2,3,,1/1/16,12/31/16,75,,2016/2017,92.19,,100,,1/1/16,12/31/16,N/A,5,1/1/16,12/31/16,36,No Different than the National Rate,8.7,17.8,,1/1/16,12/31/16,12.4
MAINE EYE CARE ASSOCIATES,20C0001016,1952360059,WATERVILLE,ME,4901,2016,0,,0,,0,,0,,N/A,5,1/1/16,12/31/16,Yes,,"3,407",0,"3,362",0,0,0,0,45,,1/1/16,12/31/16,48.42,,2016/2017,N/A,5,N/A,5,1/1/16,12/31/16,N/A,5,1/1/16,12/31/16,N/A,N/A,N/A,N/A,5,1/1/16,12/31/16,N/A
WOLF EYE ASSOCIATES PA,20C0001011,1992700132,LEWISTON,ME,4240,2016,0,,0,,0,,0,,N/A,5,1/1/16,12/31/16,Yes,,771,0,767,0,0,0,0,4,,1/1/16,12/31/16,N/A,1,2016/2017,N/A,5,N/A,5,1/1/16,12/31/16,N/A,5,1/1/16,12/31/16,N/A,N/A,N/A,N/A,5,1/1/16,12/31/16,N/A
NORTHEAST SURGICAL CARE OF NEWINGTON LLC,30C0001019,1043215858,NEWINGTON,NH,3801,2016,0,,0,,0,,0,,971.43,,1/1/16,12/31/16,Yes,,"1,934",0,598,0,"1,234",0,101,1,,1/1/16,12/31/16,92.31,,2016/2017,N/A,5,N/A,5,1/1/16,12/31/16,N/A,5,1/1/16,12/31/16,N/A,N/A,N/A,N/A,5,1/1/16,12/31/16,N/A
NEW HAMPSHIRE EYE SURGICENTER,30C0001001,1114920691,BEDFORD,NH,3110,2016,0,,0,,0,,0,,0,1,1/1/16,12/31/16,Yes,,"1,123",0,"1,123",0,0,0,0,0,,1/1/16,12/31/16,80,,2016/2017,N/A,5,N/A,5,1/1/16,12/31/16,100,,1/1/16,12/31/16,N/A,N/A,N/A,N/A,5,1/1/16,12/31/16,N/A
WENTWORTH SURGERY CENTER LLC,30C0001034,1235567264,SOMERSWORTH,NH,3878,2016,0,,0,,0,,0,,"1,000.00",1,1/1/16,12/31/16,N/A,5,N/A,N/A,N/A,N/A,N/A,N/A,N/A,N/A,5,1/1/16,12/31/16,N/A,5,2016/2017,N/A,5,N/A,5,1/1/16,12/31/16,N/A,5,1/1/16,12/31/16,130,No Different than the National Rate,8.8,17.5,,1/1/16,12/31/16,12.4
ELLIOT 1 DAY SURGERY CENTER,30C0001002,1245291350,MANCHESTER,NH,3103,2016,0.709,,0,,0,,0,,"1,000.00",,1/1/16,12/31/16,Yes,,"4,007",171,"1,789",152,696,731,355,113,,1/1/16,12/31/16,95.7,,2016/2017,N/A,5,N/A,5,1/1/16,12/31/16,N/A,5,1/1/16,12/31/16,N/A,N/A,N/A,N/A,5,1/1/16,12/31/16,N/A
NASHUA AMBULATORY SURGICAL CENTER LLC,30C0001033,1265799092,NASHUA,NH,3062,2016,0,,0,,0,,4.237,,"1,000.00",,1/1/16,12/31/16,Yes,,"2,019",121,0,0,"1,683",0,187,28,,1/1/16,12/31/16,66.3,,2016/2017,N/A,5,N/A,5,1/1/16,12/31/16,N/A,5,1/1/16,12/31/16,N/A,N/A,N/A,N/A,5,1/1/16,12/31/16,N/A
THE SURGERY CENTER OF GREATER NASHUA,30C0001035,1275878845,NASHUA,NH,3060,2016,0,,0,,0,,0,,"1,000.00",,1/1/16,12/31/16,N/A,5,N/A,N/A,N/A,N/A,N/A,N/A,N/A,N/A,5,1/1/16,12/31/16,100,,2016/2017,N/A,5,N/A,5,1/1/16,12/31/16,N/A,5,1/1/16,12/31/16,81,No Different than the National Rate,8.9,18.2,,1/1/16,12/31/16,12.5
STRATHAM AMBULATORY SURGERY CENTER,30C0001029,1285889378,STRATHAM,NH,3885,2016,0,,0,,0,,0,,"1,000.00",,1/1/16,12/31/16,Yes,,"1,114",92,0,89,216,714,0,3,,1/1/16,12/31/16,68.57,,2016/2017,100,,95.31,,1/1/16,12/31/16,N/A,5,1/1/16,12/31/16,114,No Different than the National Rate,9.1,17.8,,1/1/16,12/31/16,12.8
ORCHARD SURGICAL CENTER LLC,30C0001036,1316350275,SALEM,NH,3079,2016,0,,0,,0,,0,,"1,000.00",,1/1/16,12/31/16,Yes,,"6,259",99,703,544,"1,847","2,475",149,442,,1/1/16,12/31/16,97.7,,2016/2017,100,,100,,1/1/16,12/31/16,N/A,5,1/1/16,12/31/16,267,No Different than the National Rate,9.2,18.1,,1/1/16,12/31/16,12.9
RYE SURGICAL CENTER LLC,30C0001037,1336562156,RYE,NH,3870,2016,0,,0,,0,,0,,0,1,1/1/16,12/31/16,Yes,,"2,437",0,0,0,"1,468",0,969,0,,1/1/16,12/31/16,85.71,,2016/2017,N/A,5,N/A,5,1/1/16,12/31/16,N/A,5,1/1/16,12/31/16,N/A,N/A,N/A,N/A,5,1/1/16,12/31/16,N/A
CONCORD ENDOSCOPY CENTER LLC,30C0001025,1346303039,CONCORD,NH,3301,2016,0.562,,0,,0,,0,,N/A,5,1/1/16,12/31/16,Yes,,"6,642",0,0,0,0,"6,642",0,0,,1/1/16,12/31/16,82.05,,2016/2017,99.13,,100,,1/1/16,12/31/16,N/A,5,1/1/16,12/31/16,1137,No Different than the National Rate,10.8,19.4,,1/1/16,12/31/16,14.4
DARTMOUTHHITCHCOCK CLINIC,30C0001014,1386697803,MANCHESTER,NH,3104,2016,N/A,5,N/A,5,N/A,5,N/A,5,N/A,5,1/1/16,12/31/16,Yes,,"2,596",0,0,0,0,"2,596",0,0,,1/1/16,12/31/16,96.55,,2016/2017,90.21,,96.87,,1/1/16,12/31/16,N/A,5,1/1/16,12/31/16,N/A,N/A,N/A,N/A,5,1/1/16,12/31/16,N/A
DARTMOUTHHITCHCOCK CLINIC,30C0001031,1386697803,LEBANON,NH,3756,2016,N/A,5,N/A,5,N/A,5,N/A,5,N/A,5,1/1/16,12/31/16,Yes,,"2,596",0,0,0,0,"2,596",0,0,,1/1/16,12/31/16,100,,2016/2017,90.21,,96.87,,1/1/16,12/31/16,N/A,5,1/1/16,12/31/16,N/A,N/A,N/A,N/A,5,1/1/16,12/31/16,N/A
SKYHAVEN SURGERY CENTER LLC,30C0001040,1396129672,ROCHESTER,NH,3867,2016,N/A,5,N/A,5,N/A,5,N/A,5,N/A,5,1/1/16,12/31/16,Yes,,"1,168",16,0,8,250,800,94,0,,1/1/16,12/31/16,90.91,,2016/2017,98.61,,95.65,,1/1/16,12/31/16,N/A,5,1/1/16,12/31/16,94,No Different than the National Rate,8.8,17.7,,1/1/16,12/31/16,12.5
PMC SURGICAL CENTER LLC,30C0001039,1417332073,SOMERSWORTH,NH,3878,2016,2.755,,0,,0,,0,,"1,000.00",1,1/1/16,12/31/16,N/A,5,N/A,N/A,N/A,N/A,N/A,N/A,N/A,N/A,5,1/1/16,12/31/16,N/A,5,2016/2017,N/A,5,N/A,5,1/1/16,12/31/16,N/A,5,1/1/16,12/31/16,N/A,N/A,N/A,N/A,5,1/1/16,12/31/16,N/A
CONCORD AMBULATORY SURGERY CENTER LLC,30C0001026,1417993494,CONCORD,NH,3301,2016,0,,0,,0,,0,,986.49,,1/1/16,12/31/16,Yes,,952,200,51,0,295,0,375,31,,1/1/16,12/31/16,57.45,,2016/2017,N/A,5,N/A,5,1/1/16,12/31/16,N/A,5,1/1/16,12/31/16,N/A,N/A,N/A,N/A,5,1/1/16,12/31/16,N/A
CONCORD EYE SURGERY LLC,30C0001018,1437138500,CONCORD,NH,3301,2016,0,,0,,0,,0,,0,1,1/1/16,12/31/16,Yes,,"3,504",0,"3,402",0,0,0,0,102,,1/1/16,12/31/16,79.31,,2016/2017,N/A,5,N/A,5,1/1/16,12/31/16,N/A,5,1/1/16,12/31/16,N/A,N/A,N/A,N/A,5,1/1/16,12/31/16,N/A
CENTERS FOR PAIN SOLUTIONSLLC,30C0001020,1508934373,NASHUA,NH,3060,2016,3.063,,0,,0,,0,,0,1,1/1/16,12/31/16,Yes,,"2,336",0,0,0,81,0,"2,255",0,,1/1/16,12/31/16,53.33,,2016/2017,N/A,5,N/A,5,1/1/16,12/31/16,N/A,5,1/1/16,12/31/16,N/A,N/A,N/A,N/A,5,1/1/16,12/31/16,N/A
DARTMOUTH HITCHCOCK CLINIC,30C0001031,1548210198,LEBANON,NH,3756,2016,0,,0,,0,,0.869,,"1,000.00",1,1/1/16,12/31/16,N/A,5,N/A,N/A,N/A,N/A,N/A,N/A,N/A,N/A,5,1/1/16,12/31/16,N/A,5,2016/2017,N/A,5,N/A,5,1/1/16,12/31/16,N/A,5,1/1/16,12/31/16,N/A,N/A,N/A,N/A,5,1/1/16,12/31/16,N/A
ORTHOPAEDIC SURGERY CENTER,30C0001012,1568421840,CONCORD,NH,3301,2016,0,,0.488,,0,,0,,"1,000.00",,1/1/16,12/31/16,Yes,,"5,613",0,0,0,"5,613",0,0,0,,1/1/16,12/31/16,66.34,,2016/2017,N/A,5,N/A,5,1/1/16,12/31/16,N/A,5,1/1/16,12/31/16,N/A,N/A,N/A,N/A,5,1/1/16,12/31/16,N/A
PORTSMOUTH REGIONAL AMBULATORY SURGERY CENTER LLC,30C0001022,1588628366,PORTSMOUTH,NH,3801,2016,0,,0,,0,,0,,"1,000.00",,1/1/16,12/31/16,Yes,,"2,570",34,828,26,866,605,64,147,,1/1/16,12/31/16,90.53,,2016/2017,93.75,,87.5,,1/1/16,12/31/16,N/A,5,1/1/16,12/31/16,92,No Different than the National Rate,8.6,17.3,,1/1/16,12/31/16,12.2
CAPITAL ORTHOPEDIC SURGERY CENTER LLC,30C0001032,1619242278,DERRY,NH,3038,2016,0,,0,,0,,0,,"1,000.00",,1/1/16,12/31/16,Yes,,"1,199",0,0,0,"1,199",0,0,0,,1/1/16,12/31/16,82.35,,2016/2017,N/A,5,N/A,5,1/1/16,12/31/16,N/A,5,1/1/16,12/31/16,N/A,N/A,N/A,N/A,5,1/1/16,12/31/16,N/A
BEDFORD AMBULATORY SURGICAL CENTER LLC,30C0001009,1730277575,BEDFORD,NH,3110,2016,1.747,,0,,0,,0.874,,980.92,,1/1/16,12/31/16,Yes,,"4,842",139,1,1,"1,991","2,452",200,58,,1/1/16,12/31/16,50.71,,2016/2017,79.66,,42.22,,1/1/16,12/31/16,N/A,5,1/1/16,12/31/16,423,No Different than the National Rate,8.6,17,,1/1/16,12/31/16,12
HILLSIDE ASC LLC,30C0001021,1770714388,GILFORD,NH,3249,2016,0,,0,,0,,0,,"1,000.00",,1/1/16,12/31/16,Yes,,"1,645",4,579,0,615,0,441,6,,1/1/16,12/31/16,94.59,,2016/2017,N/A,5,N/A,5,1/1/16,12/31/16,N/A,5,1/1/16,12/31/16,N/A,N/A,N/A,N/A,5,1/1/16,12/31/16,N/A
BARRINGTON SURGICAL CARE LLC,30C0001030,1801994553,BARRINGTON,NH,3825,2016,2.639,,0,,0,,0,,0,1,1/1/16,12/31/16,Yes,,"1,722",0,0,0,879,0,843,0,,1/1/16,12/31/16,80,,2016/2017,N/A,5,N/A,5,1/1/16,12/31/16,N/A,5,1/1/16,12/31/16,N/A,N/A,N/A,N/A,5,1/1/16,12/31/16,N/A
NOVAMED SURGERY CENTER OF NASHUA LLC,30C0001004,1871591248,NASHUA,NH,3063,2016,0.647,,0,,0,,0,,N/A,5,1/1/16,12/31/16,Yes,,"2,717",0,"2,717",0,0,0,0,0,,1/1/16,12/31/16,88.89,,2016/2017,N/A,5,N/A,5,1/1/16,12/31/16,N/A,5,1/1/16,12/31/16,N/A,N/A,N/A,N/A,5,1/1/16,12/31/16,N/A
LACONIA CLINIC AMBULATORY SURGERY CENTER,30C0001024,1942388327,LACONIA,NH,3246,2016,0,,0,,0,,0,,"1,000.00",1,1/1/16,12/31/16,Yes,,"1,603",0,0,737,0,693,0,173,,1/1/16,12/31/16,100,,2016/2017,86.96,,N/A,1,1/1/16,12/31/16,N/A,5,1/1/16,12/31/16,139,No Different than the National Rate,9.4,18.6,,1/1/16,12/31/16,13.1
VERMONT EYE SURGERY AND LASER CENTER,47C0001000,1831368356,SOUTH BURLINGTON,VT,5403,2016,0,,0,,0,,0,,N/A,5,1/1/16,12/31/16,N/A,5,N/A,N/A,N/A,N/A,N/A,N/A,N/A,N/A,5,1/1/16,12/31/16,82.93,,2016/2017,N/A,5,N/A,5,1/1/16,12/31/16,N/A,5,1/1/16,12/31/16,N/A,N/A,N/A,N/A,5,1/1/16,12/31/16,N/A